{
  "z": 9,
  "tiles": [
    "276_190",
    "276_191",
    "276_192",
    "277_190",
    "277_191",
    "277_192",
    "277_193",
    "278_191",
    "278_192",
    "278_193",
    "278_194",
    "278_195",
    "278_196",
    "278_197",
    "279_192",
    "279_193",
    "279_194",
    "279_195",
    "279_196",
    "279_197",
    "280_194",
    "280_195"
  ],
  "bounds4326": [
    14.06522,
    37.91869,
    17.07328,
    41.97389
  ],
  "featureCount": 54577
}