{
  "z": 9,
  "tiles": [
    "276_189",
    "276_190",
    "276_191",
    "276_192",
    "277_190",
    "277_191",
    "277_192",
    "277_193",
    "278_191",
    "278_192",
    "278_193",
    "278_194",
    "278_195",
    "278_196",
    "278_197",
    "279_192",
    "279_193",
    "279_194",
    "279_195",
    "279_196",
    "279_197",
    "280_194",
    "280_195"
  ],
  "bounds4326": [
    14.0653012,
    37.9207119,
    17.0714535,
    42.1083376
  ],
  "featureCount": 64729
}